{
    "train_loss": [
        1.2149247229099274
    ],
    "train_acc": [
        54.621848739495796
    ],
    "val_loss": [
        1.5031911134719849
    ],
    "val_acc": [
        24.0
    ]
}