{
    "accuracy": 0.18518518518518517,
    "precision": 0.8938271604938272,
    "recall": 0.18518518518518517,
    "f1": 0.13447971781305115
}